study-gallery/ec5791af-e593-4251-8558-520b7a13edb9/1778784671172.png	6601731
study-profile/ec5791af-e593-4251-8558-520b7a13edb9/1780686434748.png	6601731
class-media/ec5791af-e593-4251-8558-520b7a13edb9/1780944617327.png	6601731
study-gallery/ec5791af-e593-4251-8558-520b7a13edb9/1778785127863.png	6601731
class-media/4b82c802-b152-405f-a821-5be8796274c2/1775495617609.avif	4538827
class-media/4b82c802-b152-405f-a821-5be8796274c2/1775330973852.avif	4538827
class-media/4b82c802-b152-405f-a821-5be8796274c2/1775331530008.avif	4538827
class-media/4b82c802-b152-405f-a821-5be8796274c2/1775331524953.avif	4175229
class-media/4b82c802-b152-405f-a821-5be8796274c2/1775331002018.avif	4175229
class-media/4b82c802-b152-405f-a821-5be8796274c2/1775495638689.avif	4175229
class-media/4b82c802-b152-405f-a821-5be8796274c2/1775495633806.avif	3993084
class-media/4b82c802-b152-405f-a821-5be8796274c2/1775330997575.avif	3993084
class-media/4b82c802-b152-405f-a821-5be8796274c2/1775331539537.avif	3993084
study-gallery/ec5791af-e593-4251-8558-520b7a13edb9/1787859129442.heic	2345767
logos/ec5791af-e593-4251-8558-520b7a13edb9/1787858711079.heic	2336889
study-profile/ec5791af-e593-4251-8558-520b7a13edb9/1787858849675.heic	2307374
study-gallery/ec5791af-e593-4251-8558-520b7a13edb9/1787859119818.heic	2307374
study-profile/ec5791af-e593-4251-8558-520b7a13edb9/1787859111074.heic	2307374
study-gallery/ec5791af-e593-4251-8558-520b7a13edb9/1787858859779.heic	2307374
study-profile/7aa0c5e2-6218-45ba-ad15-9ed39bf9659b/1785510567973.png	1759862
class-media/940e8418-33e7-4cdf-adc5-9162e60ae80d/1785174434924.heif	1751596
class-media/940e8418-33e7-4cdf-adc5-9162e60ae80d/1785174422970.heif	1751596
class-media/ec5791af-e593-4251-8558-520b7a13edb9/1781291326495.png	1504519
study-profile/7aa0c5e2-6218-45ba-ad15-9ed39bf9659b/1785512732746.png	1348952
class-media/e52362ca-183a-43d4-ad4c-3a04d7cd811d/1790019816523.jpg	1155414
class-media/e52362ca-183a-43d4-ad4c-3a04d7cd811d/1790020134156.jpg	1154232
logos/ec5791af-e593-4251-8558-520b7a13edb9/1788215640952.png	986043
study-gallery/ec5791af-e593-4251-8558-520b7a13edb9/1787859144703.png	938884
study-gallery/7aa0c5e2-6218-45ba-ad15-9ed39bf9659b/1785510717106.jpg	873416
logos/ec5791af-e593-4251-8558-520b7a13edb9/1789401662434.png	610314
class-media/4e7a25b8-24de-4090-ba52-de0efd264ffa/1790081220010.jpg	552517
class-media/4e7a25b8-24de-4090-ba52-de0efd264ffa/1790081197069.jpg	517969
logos/ec5791af-e593-4251-8558-520b7a13edb9/1778168024462.jpg	513168
study-gallery/ec5791af-e593-4251-8558-520b7a13edb9/1778784682439.jpg	487236
logos/ec5791af-e593-4251-8558-520b7a13edb9/1787579872033.jpeg	464548
class-media/4e7a25b8-24de-4090-ba52-de0efd264ffa/1790080757424.jpg	453316
class-media/ad8e8192-8bbb-4693-b036-ae35fe9e2d9f/1788990967716.jpg	377798
study-profile/ec5791af-e593-4251-8558-520b7a13edb9/1783362585573.jpg	360947
logos/ec5791af-e593-4251-8558-520b7a13edb9/1785333720257.jpg	353635
class-media/4e7a25b8-24de-4090-ba52-de0efd264ffa/1790081147187.jpg	343534
logos/ec5791af-e593-4251-8558-520b7a13edb9/1777562494663.jpg	323586
class-media/ad8e8192-8bbb-4693-b036-ae35fe9e2d9f/1788988593465.jpg	281656
class-media/4e7a25b8-24de-4090-ba52-de0efd264ffa/1790081110340.jpg	253200
study-profile/7aa0c5e2-6218-45ba-ad15-9ed39bf9659b/1785512904257.jpg	247903
study-profile/ec5791af-e593-4251-8558-520b7a13edb9/1780284885455.jpg	223388
study-gallery/ec5791af-e593-4251-8558-520b7a13edb9/1790709273389.jpeg	173003
class-media/ec5791af-e593-4251-8558-520b7a13edb9/1789594354605.jpeg	172065
logos/ec5791af-e593-4251-8558-520b7a13edb9/1783361999543.jpg	167690
study-profile/ec5791af-e593-4251-8558-520b7a13edb9/1778573815614.jpg	160228
class-media/ec5791af-e593-4251-8558-520b7a13edb9/1781203670538.jpg	158731
study-gallery/ec5791af-e593-4251-8558-520b7a13edb9/1778784678019.jpg	158731
logos/ec5791af-e593-4251-8558-520b7a13edb9/1787580388072.jpeg	139226
class-media/84ba524c-06dd-450b-a2d0-0070b4fadfed/1790119966718.jpg	135017
logos/ec5791af-e593-4251-8558-520b7a13edb9/1775280529065.jpg	114663
class-media/ec5791af-e593-4251-8558-520b7a13edb9/1789594412563.webp	108086
class-media/ec5791af-e593-4251-8558-520b7a13edb9/1789594400355.webp	106876
class-media/ec5791af-e593-4251-8558-520b7a13edb9/1789594409342.webp	86370
class-media/ec5791af-e593-4251-8558-520b7a13edb9/1789594405489.webp	83894
study-gallery/ec5791af-e593-4251-8558-520b7a13edb9/1788924452061.jpg	78087
class-media/84ba524c-06dd-450b-a2d0-0070b4fadfed/1790120238457.jpg	72617
study-profile/ec5791af-e593-4251-8558-520b7a13edb9/1788923926028.jpeg	46948
class-media/84ba524c-06dd-450b-a2d0-0070b4fadfed/1790120210423.jpg	44180
class-media/4b82c802-b152-405f-a821-5be8796274c2/1775330981644.png	14460
class-media/4b82c802-b152-405f-a821-5be8796274c2/1775331534528.png	14460
class-media/4b82c802-b152-405f-a821-5be8796274c2/1775495628106.png	14460
study-gallery/ec5791af-e593-4251-8558-520b7a13edb9/1778780481848.jpg	8335
