study-gallery/ec5791af-e593-4251-8558-520b7a13edb9/1790806608959.heic	3102735
study-profile/ec5791af-e593-4251-8558-520b7a13edb9/1790806591751.heic	2954020
study-gallery/ec5791af-e593-4251-8558-520b7a13edb9/1790806601083.heic	2649503
study-gallery/ec5791af-e593-4251-8558-520b7a13edb9/1790806620573.heic	2632333
class-media/940e8418-33e7-4cdf-adc5-9162e60ae80d/1786383754102.heic	2419068
study-profile/2072a19c-de34-4627-b3e6-b29a848be4ff/1787595059906.png	2407868
study-gallery/2072a19c-de34-4627-b3e6-b29a848be4ff/1787595099348.jpeg	1293410
study-gallery/ec5791af-e593-4251-8558-520b7a13edb9/1789401892917.png	1239574
class-media/e52362ca-183a-43d4-ad4c-3a04d7cd811d/1790019840067.jpg	1155414
study-gallery/ec5791af-e593-4251-8558-520b7a13edb9/1787859169756.png	1064627
study-gallery/ec5791af-e593-4251-8558-520b7a13edb9/1784576827389.jpg	1011374
study-gallery/ec5791af-e593-4251-8558-520b7a13edb9/1787859175948.png	945711
study-profile/ec5791af-e593-4251-8558-520b7a13edb9/1787859156076.png	938884
study-gallery/ec5791af-e593-4251-8558-520b7a13edb9/1787859163484.png	931381
study-profile/7aa0c5e2-6218-45ba-ad15-9ed39bf9659b/1785513247768.jpg	898658
study-gallery/7aa0c5e2-6218-45ba-ad15-9ed39bf9659b/1785510763731.jpg	898658
class-media/ec5791af-e593-4251-8558-520b7a13edb9/1788991945068.jpg	856357
class-media/ec5791af-e593-4251-8558-520b7a13edb9/1788991995804.jpg	856357
class-media/ec5791af-e593-4251-8558-520b7a13edb9/1788992016533.jpg	856357
class-media/ec5791af-e593-4251-8558-520b7a13edb9/1788991791235.jpg	856357
class-media/ec5791af-e593-4251-8558-520b7a13edb9/1788991849799.jpg	856357
class-media/ec5791af-e593-4251-8558-520b7a13edb9/1788991865103.jpg	856357
class-media/ec5791af-e593-4251-8558-520b7a13edb9/1788991879241.jpg	856357
class-media/7aa0c5e2-6218-45ba-ad15-9ed39bf9659b/1785512117340.jpg	827622
study-gallery/7aa0c5e2-6218-45ba-ad15-9ed39bf9659b/1785512990232.jpg	817850
logos/ec5791af-e593-4251-8558-520b7a13edb9/1789583056372.avif	357547
